id,optlock,source,target
1,"2020-12-05 12:52:04.691",1,2
2,"2020-12-05 12:52:04.708",3,4
3,"2020-12-05 12:52:04.717",3,5
4,"2020-12-05 12:52:04.724",3,6
5,"2020-12-05 12:52:04.734",3,7
6,"2020-12-05 12:52:04.740",3,8
7,"2020-12-05 12:52:04.749",4,5
8,"2020-12-05 12:52:04.756",4,6
9,"2020-12-05 12:52:04.760",4,7
10,"2020-12-05 12:52:04.768",4,8
11,"2020-12-05 12:52:04.774",5,6
12,"2020-12-05 12:52:04.778",5,7
13,"2020-12-05 12:52:04.786",5,8
14,"2020-12-05 12:52:04.793",6,7
15,"2020-12-05 12:52:04.799",6,8
16,"2020-12-05 12:52:04.806",7,8
17,"2020-12-05 12:52:04.817",9,10
18,"2020-12-05 12:52:04.823",9,11
19,"2020-12-05 12:52:04.828",9,12
20,"2020-12-05 12:52:04.835",9,13
21,"2020-12-05 12:52:04.841",10,11
22,"2020-12-05 12:52:04.848",10,12
23,"2020-12-05 12:52:04.855",10,13
24,"2020-12-05 12:52:04.862",11,12
25,"2020-12-05 12:52:04.870",11,13
26,"2020-12-05 12:52:04.877",12,13
27,"2020-12-05 12:52:04.887",14,15
28,"2020-12-05 12:52:04.895",16,17
29,"2020-12-05 12:52:04.907",18,19
30,"2020-12-05 12:52:04.913",18,20
31,"2020-12-05 12:52:04.922",18,21
32,"2020-12-05 12:52:04.927",18,22
33,"2020-12-05 12:52:04.936",19,20
34,"2020-12-05 12:52:04.942",19,21
35,"2020-12-05 12:52:04.950",19,22
36,"2020-12-05 12:52:04.958",20,21
37,"2020-12-05 12:52:04.965",20,22
38,"2020-12-05 12:52:04.974",21,22
39,"2020-12-05 12:52:04.987",23,24
40,"2020-12-05 12:52:04.993",23,25
41,"2020-12-05 12:52:05.002",23,26
42,"2020-12-05 12:52:05.009",24,25
43,"2020-12-05 12:52:05.018",24,26
44,"2020-12-05 12:52:05.025",25,26
45,"2020-12-05 12:52:05.037",27,28
46,"2020-12-05 12:52:05.042",27,29
47,"2020-12-05 12:52:05.053",28,29
48,"2020-12-05 12:52:05.061",30,31
49,"2020-12-05 12:52:05.069",30,32
50,"2020-12-05 12:52:05.075",31,32
51,"2020-12-05 12:52:05.086",33,34
52,"2020-12-05 12:52:05.093",33,35
53,"2020-12-05 12:52:05.101",33,36
54,"2020-12-05 12:52:05.107",33,37
55,"2020-12-05 12:52:05.112",33,38
56,"2020-12-05 12:52:05.121",33,39
57,"2020-12-05 12:52:05.126",34,35
58,"2020-12-05 12:52:05.134",34,36
59,"2020-12-05 12:52:05.141",34,37
60,"2020-12-05 12:52:05.146",34,38
61,"2020-12-05 12:52:05.154",34,39
62,"2020-12-05 12:52:05.160",35,36
63,"2020-12-05 12:52:05.167",35,37
64,"2020-12-05 12:52:05.173",35,38
65,"2020-12-05 12:52:05.179",35,39
66,"2020-12-05 12:52:05.189",36,37
67,"2020-12-05 12:52:05.194",36,38
68,"2020-12-05 12:52:05.202",36,39
69,"2020-12-05 12:52:05.208",37,38
70,"2020-12-05 12:52:05.213",37,39
71,"2020-12-05 12:52:05.223",38,39
72,"2020-12-05 12:52:05.235",40,41
73,"2020-12-05 12:52:05.242",40,42
74,"2020-12-05 12:52:05.249",40,43
75,"2020-12-05 12:52:05.257",41,42
76,"2020-12-05 12:52:05.262",41,43
77,"2020-12-05 12:52:05.273",42,43
78,"2020-12-05 12:52:05.285",44,45
79,"2020-12-05 12:52:05.290",44,46
80,"2020-12-05 12:52:05.299",44,47
81,"2020-12-05 12:52:05.307",45,46
82,"2020-12-05 12:52:05.313",45,47
83,"2020-12-05 12:52:05.322",46,47
84,"2020-12-05 12:52:05.327",48,49
85,"2020-12-05 12:52:05.334",48,50
86,"2020-12-05 12:52:05.340",49,50
87,"2020-12-05 12:52:05.349",51,52
88,"2020-12-05 12:52:05.355",51,53
89,"2020-12-05 12:52:05.361",52,53
90,"2020-12-05 12:52:05.369",54,55
91,"2020-12-05 12:52:05.376",56,57
92,"2020-12-05 12:52:05.384",56,58
93,"2020-12-05 12:52:05.390",57,58
94,"2020-12-05 12:52:05.401",59,60
95,"2020-12-05 12:52:05.406",59,61
96,"2020-12-05 12:52:05.415",60,61
97,"2020-12-05 12:52:05.424",62,63
98,"2020-12-05 12:52:05.428",62,64
99,"2020-12-05 12:52:05.437",63,64
100,"2020-12-05 12:52:05.444",65,66
101,"2020-12-05 12:52:05.452",65,67
102,"2020-12-05 12:52:05.460",65,68
103,"2020-12-05 12:52:05.469",66,67
104,"2020-12-05 12:52:05.475",66,68
105,"2020-12-05 12:52:05.486",67,68
106,"2020-12-05 12:52:05.494",69,70
107,"2020-12-05 12:52:05.502",69,71
108,"2020-12-05 12:52:05.509",69,72
109,"2020-12-05 12:52:05.520",70,71
110,"2020-12-05 12:52:05.526",70,72
111,"2020-12-05 12:52:05.535",71,72
112,"2020-12-05 12:52:05.544",74,75
113,"2020-12-05 12:52:05.552",74,76
114,"2020-12-05 12:52:05.558",74,77
115,"2020-12-05 12:52:05.568",75,76
116,"2020-12-05 12:52:05.574",75,77
117,"2020-12-05 12:52:05.582",76,77
118,"2020-12-05 12:52:05.590",78,79
119,"2020-12-05 12:52:05.596",78,80
120,"2020-12-05 12:52:05.603",79,80
121,"2020-12-05 12:52:05.610",81,82
122,"2020-12-05 12:52:05.617",81,83
123,"2020-12-05 12:52:05.622",81,84
124,"2020-12-05 12:52:05.627",81,85
125,"2020-12-05 12:52:05.634",81,86
126,"2020-12-05 12:52:05.640",82,83
127,"2020-12-05 12:52:05.646",82,84
128,"2020-12-05 12:52:05.654",82,85
129,"2020-12-05 12:52:05.660",82,86
130,"2020-12-05 12:52:05.669",83,84
131,"2020-12-05 12:52:05.674",83,85
132,"2020-12-05 12:52:05.679",83,86
133,"2020-12-05 12:52:05.689",84,85
134,"2020-12-05 12:52:05.693",84,86
135,"2020-12-05 12:52:05.704",85,86
136,"2020-12-05 12:52:05.714",87,88
137,"2020-12-05 12:52:05.724",87,89
138,"2020-12-05 12:52:05.732",88,89
139,"2020-12-05 12:52:05.744",90,91
140,"2020-12-05 12:52:05.752",90,92
141,"2020-12-05 12:52:05.760",90,93
142,"2020-12-05 12:52:05.771",91,92
143,"2020-12-05 12:52:05.776",91,93
144,"2020-12-05 12:52:05.786",92,93
145,"2020-12-05 12:52:05.796",94,95
146,"2020-12-05 12:52:05.807",96,97
147,"2020-12-05 12:52:05.819",98,99
148,"2020-12-05 12:52:05.827",98,100
149,"2020-12-05 12:52:05.838",98,101
150,"2020-12-05 12:52:05.846",98,102
151,"2020-12-05 12:52:05.857",98,103
152,"2020-12-05 12:52:05.867",98,104
153,"2020-12-05 12:52:05.878",99,100
154,"2020-12-05 12:52:05.887",99,101
155,"2020-12-05 12:52:05.894",99,102
156,"2020-12-05 12:52:05.903",99,103
157,"2020-12-05 12:52:05.910",99,104
158,"2020-12-05 12:52:05.921",100,101
159,"2020-12-05 12:52:05.928",100,102
160,"2020-12-05 12:52:05.935",100,103
161,"2020-12-05 12:52:05.942",100,104
162,"2020-12-05 12:52:05.953",101,102
163,"2020-12-05 12:52:05.959",101,103
164,"2020-12-05 12:52:05.969",101,104
165,"2020-12-05 12:52:05.977",102,103
166,"2020-12-05 12:52:05.986",102,104
167,"2020-12-05 12:52:05.994",103,104
168,"2020-12-05 12:52:06.005",105,106
169,"2020-12-05 12:52:06.013",105,107
170,"2020-12-05 12:52:06.021",105,108
171,"2020-12-05 12:52:06.028",106,107
172,"2020-12-05 12:52:06.035",106,108
173,"2020-12-05 12:52:06.045",107,108
174,"2020-12-05 12:52:06.057",110,111
175,"2020-12-05 12:52:06.069",113,114
176,"2020-12-05 12:52:06.076",113,115
177,"2020-12-05 12:52:06.087",114,115
178,"2020-12-05 12:52:06.095",116,117
179,"2020-12-05 12:52:06.102",116,118
180,"2020-12-05 12:52:06.110",116,119
181,"2020-12-05 12:52:06.119",116,120
182,"2020-12-05 12:52:06.126",117,118
183,"2020-12-05 12:52:06.136",117,119
184,"2020-12-05 12:52:06.144",117,120
185,"2020-12-05 12:52:06.153",118,119
186,"2020-12-05 12:52:06.160",118,120
187,"2020-12-05 12:52:06.170",119,120
188,"2020-12-05 12:52:06.178",121,122
189,"2020-12-05 12:52:06.185",121,123
190,"2020-12-05 12:52:06.191",121,124
191,"2020-12-05 12:52:06.201",122,123
192,"2020-12-05 12:52:06.209",122,124
193,"2020-12-05 12:52:06.220",123,124
194,"2020-12-05 12:52:06.234",125,126
195,"2020-12-05 12:52:06.243",125,127
196,"2020-12-05 12:52:06.253",125,128
197,"2020-12-05 12:52:06.260",126,127
198,"2020-12-05 12:52:06.269",126,128
199,"2020-12-05 12:52:06.277",127,128
200,"2020-12-05 12:52:06.288",129,130
201,"2020-12-05 12:52:06.294",129,131
202,"2020-12-05 12:52:06.302",129,132
203,"2020-12-05 12:52:06.309",130,131
204,"2020-12-05 12:52:06.317",130,132
205,"2020-12-05 12:52:06.323",131,132
206,"2020-12-05 12:52:06.330",133,134
207,"2020-12-05 12:52:06.338",133,135
208,"2020-12-05 12:52:06.343",134,135
209,"2020-12-05 12:52:06.352",136,137
210,"2020-12-05 12:52:06.358",136,138
211,"2020-12-05 12:52:06.365",136,139
212,"2020-12-05 12:52:06.372",136,140
213,"2020-12-05 12:52:06.378",137,138
214,"2020-12-05 12:52:06.384",137,139
215,"2020-12-05 12:52:06.389",137,140
216,"2020-12-05 12:52:06.404",138,139
217,"2020-12-05 12:52:06.416",138,140
218,"2020-12-05 12:52:06.425",139,140
219,"2020-12-05 12:52:06.436",141,142
220,"2020-12-05 12:52:06.443",143,144
221,"2020-12-05 12:52:06.452",143,145
222,"2020-12-05 12:52:06.458",143,146
223,"2020-12-05 12:52:06.466",144,145
224,"2020-12-05 12:52:06.471",144,146
225,"2020-12-05 12:52:06.478",145,146
226,"2020-12-05 12:52:06.488",147,148
227,"2020-12-05 12:52:06.495",147,149
228,"2020-12-05 12:52:06.503",147,150
229,"2020-12-05 12:52:06.508",147,151
230,"2020-12-05 12:52:06.516",147,152
231,"2020-12-05 12:52:06.529",147,153
232,"2020-12-05 12:52:06.544",147,154
233,"2020-12-05 12:52:06.552",148,149
234,"2020-12-05 12:52:06.558",148,150
235,"2020-12-05 12:52:06.568",148,151
236,"2020-12-05 12:52:06.575",148,152
237,"2020-12-05 12:52:06.583",148,153
238,"2020-12-05 12:52:06.589",148,154
239,"2020-12-05 12:52:06.604",149,150
240,"2020-12-05 12:52:06.615",149,151
241,"2020-12-05 12:52:06.624",149,152
242,"2020-12-05 12:52:06.630",149,153
243,"2020-12-05 12:52:06.639",149,154
244,"2020-12-05 12:52:06.654",150,151
245,"2020-12-05 12:52:06.663",150,152
246,"2020-12-05 12:52:06.671",150,153
247,"2020-12-05 12:52:06.678",150,154
248,"2020-12-05 12:52:06.686",151,152
249,"2020-12-05 12:52:06.692",151,153
250,"2020-12-05 12:52:06.700",151,154
251,"2020-12-05 12:52:06.707",152,153
252,"2020-12-05 12:52:06.715",152,154
253,"2020-12-05 12:52:06.723",153,154
254,"2020-12-05 12:52:06.734",155,156
255,"2020-12-05 12:52:06.742",157,158
256,"2020-12-05 12:52:06.749",157,159
257,"2020-12-05 12:52:06.760",157,160
258,"2020-12-05 12:52:06.776",157,161
259,"2020-12-05 12:52:06.785",157,162
260,"2020-12-05 12:52:06.791",158,159
261,"2020-12-05 12:52:06.797",158,160
262,"2020-12-05 12:52:06.806",158,161
263,"2020-12-05 12:52:06.811",158,162
264,"2020-12-05 12:52:06.820",159,160
265,"2020-12-05 12:52:06.825",159,161
266,"2020-12-05 12:52:06.830",159,162
267,"2020-12-05 12:52:06.838",160,161
268,"2020-12-05 12:52:06.843",160,162
269,"2020-12-05 12:52:06.852",161,162
270,"2020-12-05 12:52:06.862",163,164
271,"2020-12-05 12:52:06.870",163,165
272,"2020-12-05 12:52:06.876",163,166
273,"2020-12-05 12:52:06.885",163,167
274,"2020-12-05 12:52:06.890",163,168
275,"2020-12-05 12:52:06.897",164,165
276,"2020-12-05 12:52:06.905",164,166
277,"2020-12-05 12:52:06.911",164,167
278,"2020-12-05 12:52:06.918",164,168
279,"2020-12-05 12:52:06.924",165,166
280,"2020-12-05 12:52:06.929",165,167
281,"2020-12-05 12:52:06.940",165,168
282,"2020-12-05 12:52:06.946",166,167
283,"2020-12-05 12:52:06.953",166,168
284,"2020-12-05 12:52:06.959",167,168
285,"2020-12-05 12:52:06.971",170,171
286,"2020-12-05 12:52:06.977",170,172
287,"2020-12-05 12:52:06.986",171,172
288,"2020-12-05 12:52:06.993",173,174
289,"2020-12-05 12:52:07.002",173,175
290,"2020-12-05 12:52:07.008",173,176
291,"2020-12-05 12:52:07.017",173,177
292,"2020-12-05 12:52:07.024",174,175
293,"2020-12-05 12:52:07.030",174,176
294,"2020-12-05 12:52:07.039",174,177
295,"2020-12-05 12:52:07.046",175,176
296,"2020-12-05 12:52:07.054",175,177
297,"2020-12-05 12:52:07.061",176,177
298,"2020-12-05 12:52:07.071",178,179
299,"2020-12-05 12:52:07.076",178,47
300,"2020-12-05 12:52:07.084",178,180
301,"2020-12-05 12:52:07.092",179,47
302,"2020-12-05 12:52:07.100",179,180
303,"2020-12-05 12:52:07.106",47,180
304,"2020-12-05 12:52:07.113",181,182
305,"2020-12-05 12:52:07.121",181,183
306,"2020-12-05 12:52:07.127",182,183
307,"2020-12-05 12:52:07.138",184,185
308,"2020-12-05 12:52:07.146",186,187
309,"2020-12-05 12:52:07.155",186,188
310,"2020-12-05 12:52:07.161",186,189
311,"2020-12-05 12:52:07.171",187,188
312,"2020-12-05 12:52:07.178",187,189
313,"2020-12-05 12:52:07.187",188,189
314,"2020-12-05 12:52:07.197",191,192
315,"2020-12-05 12:52:07.205",191,193
316,"2020-12-05 12:52:07.212",191,194
317,"2020-12-05 12:52:07.222",192,193
318,"2020-12-05 12:52:07.227",192,194
319,"2020-12-05 12:52:07.238",193,194
320,"2020-12-05 12:52:07.246",195,196
321,"2020-12-05 12:52:07.256",195,197
322,"2020-12-05 12:52:07.263",195,198
323,"2020-12-05 12:52:07.272",195,199
324,"2020-12-05 12:52:07.278",195,200
325,"2020-12-05 12:52:07.287",196,197
326,"2020-12-05 12:52:07.294",196,198
327,"2020-12-05 12:52:07.302",196,199
328,"2020-12-05 12:52:07.310",196,200
329,"2020-12-05 12:52:07.318",197,198
330,"2020-12-05 12:52:07.326",197,199
331,"2020-12-05 12:52:07.335",197,200
332,"2020-12-05 12:52:07.344",198,199
333,"2020-12-05 12:52:07.352",198,200
334,"2020-12-05 12:52:07.358",199,200
335,"2020-12-05 12:52:07.370",159,201
336,"2020-12-05 12:52:07.379",202,203
337,"2020-12-05 12:52:07.387",202,204
338,"2020-12-05 12:52:07.393",203,204
339,"2020-12-05 12:52:07.404",205,206
340,"2020-12-05 12:52:07.411",205,207
341,"2020-12-05 12:52:07.420",206,207
342,"2020-12-05 12:52:07.428",208,209
343,"2020-12-05 12:52:07.438",208,210
344,"2020-12-05 12:52:07.444",208,211
345,"2020-12-05 12:52:07.453",208,212
346,"2020-12-05 12:52:07.459",208,213
347,"2020-12-05 12:52:07.469",208,214
348,"2020-12-05 12:52:07.477",209,210
349,"2020-12-05 12:52:07.486",209,211
350,"2020-12-05 12:52:07.492",209,212
351,"2020-12-05 12:52:07.502",209,213
352,"2020-12-05 12:52:07.509",209,214
353,"2020-12-05 12:52:07.519",210,211
354,"2020-12-05 12:52:07.525",210,212
355,"2020-12-05 12:52:07.533",210,213
356,"2020-12-05 12:52:07.540",210,214
357,"2020-12-05 12:52:07.553",211,212
358,"2020-12-05 12:52:07.559",211,213
359,"2020-12-05 12:52:07.567",211,214
360,"2020-12-05 12:52:07.576",212,213
361,"2020-12-05 12:52:07.586",212,214
362,"2020-12-05 12:52:07.593",213,214
363,"2020-12-05 12:52:07.604",215,216
364,"2020-12-05 12:52:07.617",218,219
365,"2020-12-05 12:52:07.624",218,220
366,"2020-12-05 12:52:07.634",219,220
367,"2020-12-05 12:52:07.643",221,222
368,"2020-12-05 12:52:07.650",221,223
369,"2020-12-05 12:52:07.659",222,223
370,"2020-12-05 12:52:07.670",224,225
371,"2020-12-05 12:52:07.677",224,226
372,"2020-12-05 12:52:07.685",224,227
373,"2020-12-05 12:52:07.692",224,228
374,"2020-12-05 12:52:07.702",224,229
375,"2020-12-05 12:52:07.709",224,230
376,"2020-12-05 12:52:07.719",225,226
377,"2020-12-05 12:52:07.724",225,227
378,"2020-12-05 12:52:07.733",225,228
379,"2020-12-05 12:52:07.740",225,229
380,"2020-12-05 12:52:07.746",225,230
381,"2020-12-05 12:52:07.755",226,227
382,"2020-12-05 12:52:07.760",226,228
383,"2020-12-05 12:52:07.768",226,229
384,"2020-12-05 12:52:07.774",226,230
385,"2020-12-05 12:52:07.780",227,228
386,"2020-12-05 12:52:07.789",227,229
387,"2020-12-05 12:52:07.794",227,230
388,"2020-12-05 12:52:07.804",228,229
389,"2020-12-05 12:52:07.809",228,230
390,"2020-12-05 12:52:07.820",229,230
391,"2020-12-05 12:52:07.828",64,231
392,"2020-12-05 12:52:07.837",64,232
393,"2020-12-05 12:52:07.844",231,232
394,"2020-12-05 12:52:07.853",233,234
395,"2020-12-05 12:52:07.860",233,235
396,"2020-12-05 12:52:07.871",234,235
397,"2020-12-05 12:52:07.879",236,237
398,"2020-12-05 12:52:07.887",236,238
399,"2020-12-05 12:52:07.893",236,239
400,"2020-12-05 12:52:07.903",237,238
401,"2020-12-05 12:52:07.910",237,239
402,"2020-12-05 12:52:07.920",238,239
403,"2020-12-05 12:52:07.928",240,241
404,"2020-12-05 12:52:07.936",240,242
405,"2020-12-05 12:52:07.943",240,243
406,"2020-12-05 12:52:07.952",240,244
407,"2020-12-05 12:52:07.959",241,242
408,"2020-12-05 12:52:07.968",241,243
409,"2020-12-05 12:52:07.974",241,244
410,"2020-12-05 12:52:07.986",242,243
411,"2020-12-05 12:52:07.993",242,244
412,"2020-12-05 12:52:08.003",243,244
413,"2020-12-05 12:52:08.010",245,246
414,"2020-12-05 12:52:08.019",245,247
415,"2020-12-05 12:52:08.026",245,248
416,"2020-12-05 12:52:08.036",245,249
417,"2020-12-05 12:52:08.042",245,250
418,"2020-12-05 12:52:08.051",245,251
419,"2020-12-05 12:52:08.059",245,252
420,"2020-12-05 12:52:08.069",245,253
421,"2020-12-05 12:52:08.076",245,254
422,"2020-12-05 12:52:08.087",246,247
423,"2020-12-05 12:52:08.092",246,248
424,"2020-12-05 12:52:08.102",246,249
425,"2020-12-05 12:52:08.110",246,250
426,"2020-12-05 12:52:08.119",246,251
427,"2020-12-05 12:52:08.126",246,252
428,"2020-12-05 12:52:08.134",246,253
429,"2020-12-05 12:52:08.141",246,254
430,"2020-12-05 12:52:08.147",247,248
431,"2020-12-05 12:52:08.156",247,249
432,"2020-12-05 12:52:08.162",247,250
433,"2020-12-05 12:52:08.170",247,251
434,"2020-12-05 12:52:08.174",247,252
435,"2020-12-05 12:52:08.182",247,253
436,"2020-12-05 12:52:08.191",247,254
437,"2020-12-05 12:52:08.200",248,249
438,"2020-12-05 12:52:08.210",248,250
439,"2020-12-05 12:52:08.218",248,251
440,"2020-12-05 12:52:08.224",248,252
441,"2020-12-05 12:52:08.230",248,253
442,"2020-12-05 12:52:08.239",248,254
443,"2020-12-05 12:52:08.247",249,250
444,"2020-12-05 12:52:08.255",249,251
445,"2020-12-05 12:52:08.262",249,252
446,"2020-12-05 12:52:08.269",249,253
447,"2020-12-05 12:52:08.276",249,254
448,"2020-12-05 12:52:08.287",250,251
449,"2020-12-05 12:52:08.294",250,252
450,"2020-12-05 12:52:08.302",250,253
451,"2020-12-05 12:52:08.310",250,254
452,"2020-12-05 12:52:08.320",251,252
453,"2020-12-05 12:52:08.327",251,253
454,"2020-12-05 12:52:08.335",251,254
455,"2020-12-05 12:52:08.343",252,253
456,"2020-12-05 12:52:08.353",252,254
457,"2020-12-05 12:52:08.360",253,254
458,"2020-12-05 12:52:08.372",255,256
459,"2020-12-05 12:52:08.377",255,257
460,"2020-12-05 12:52:08.387",256,257
461,"2020-12-05 12:52:08.395",258,259
462,"2020-12-05 12:52:08.408",260,261
463,"2020-12-05 12:52:08.415",260,262
464,"2020-12-05 12:52:08.425",261,262
465,"2020-12-05 12:52:08.436",263,88
466,"2020-12-05 12:52:08.442",263,89
467,"2020-12-05 12:52:08.452",88,89
468,"2020-12-05 12:52:08.460",264,265
469,"2020-12-05 12:52:08.468",264,266
470,"2020-12-05 12:52:08.476",264,267
471,"2020-12-05 12:52:08.486",265,266
472,"2020-12-05 12:52:08.493",265,267
473,"2020-12-05 12:52:08.501",266,267
474,"2020-12-05 12:52:08.511",268,269
475,"2020-12-05 12:52:08.520",268,270
476,"2020-12-05 12:52:08.527",268,271
477,"2020-12-05 12:52:08.536",268,272
478,"2020-12-05 12:52:08.543",269,270
479,"2020-12-05 12:52:08.552",269,271
480,"2020-12-05 12:52:08.560",269,272
481,"2020-12-05 12:52:08.570",270,271
482,"2020-12-05 12:52:08.577",270,272
483,"2020-12-05 12:52:08.587",271,272
484,"2020-12-05 12:52:08.595",234,233
485,"2020-12-05 12:52:08.604",234,273
486,"2020-12-05 12:52:08.612",233,273
487,"2020-12-05 12:52:08.622",275,276
488,"2020-12-05 12:52:08.630",275,277
489,"2020-12-05 12:52:08.641",275,278
490,"2020-12-05 12:52:08.648",275,279
491,"2020-12-05 12:52:08.659",276,277
492,"2020-12-05 12:52:08.668",276,278
493,"2020-12-05 12:52:08.676",276,279
494,"2020-12-05 12:52:08.686",277,278
495,"2020-12-05 12:52:08.692",277,279
496,"2020-12-05 12:52:08.703",278,279
497,"2020-12-05 12:52:08.713",280,177
498,"2020-12-05 12:52:08.720",280,281
499,"2020-12-05 12:52:08.727",280,175
500,"2020-12-05 12:52:08.737",177,281
501,"2020-12-05 12:52:08.743",177,175
502,"2020-12-05 12:52:08.753",281,175
503,"2020-12-05 12:52:08.762",150,282
504,"2020-12-05 12:52:08.772",283,284
505,"2020-12-05 12:52:08.778",283,285
506,"2020-12-05 12:52:08.786",283,286
507,"2020-12-05 12:52:08.795",284,285
508,"2020-12-05 12:52:08.803",284,286
509,"2020-12-05 12:52:08.810",285,286
510,"2020-12-05 12:52:08.822",287,288
511,"2020-12-05 12:52:08.828",287,289
512,"2020-12-05 12:52:08.837",287,290
513,"2020-12-05 12:52:08.843",288,289
514,"2020-12-05 12:52:08.853",288,290
515,"2020-12-05 12:52:08.860",289,290
516,"2020-12-05 12:52:08.871",291,292
517,"2020-12-05 12:52:08.878",291,293
518,"2020-12-05 12:52:08.887",292,293
519,"2020-12-05 12:52:08.895",294,295
520,"2020-12-05 12:52:08.903",294,296
521,"2020-12-05 12:52:08.910",294,297
522,"2020-12-05 12:52:08.920",295,296
523,"2020-12-05 12:52:08.928",295,297
524,"2020-12-05 12:52:08.937",296,297
525,"2020-12-05 12:52:08.946",298,299
526,"2020-12-05 12:52:08.955",298,300
527,"2020-12-05 12:52:08.963",298,301
528,"2020-12-05 12:52:08.971",298,302
529,"2020-12-05 12:52:08.978",298,303
530,"2020-12-05 12:52:08.986",299,300
531,"2020-12-05 12:52:08.994",299,301
532,"2020-12-05 12:52:09.003",299,302
533,"2020-12-05 12:52:09.010",299,303
534,"2020-12-05 12:52:09.019",300,301
535,"2020-12-05 12:52:09.026",300,302
536,"2020-12-05 12:52:09.036",300,303
537,"2020-12-05 12:52:09.044",301,302
538,"2020-12-05 12:52:09.053",301,303
539,"2020-12-05 12:52:09.060",302,303
540,"2020-12-05 12:52:09.071",304,305
541,"2020-12-05 12:52:09.078",304,306
542,"2020-12-05 12:52:09.087",304,307
543,"2020-12-05 12:52:09.093",304,308
544,"2020-12-05 12:52:09.101",304,309
545,"2020-12-05 12:52:09.108",305,306
546,"2020-12-05 12:52:09.117",305,307
547,"2020-12-05 12:52:09.124",305,308
548,"2020-12-05 12:52:09.136",305,309
549,"2020-12-05 12:52:09.144",306,307
550,"2020-12-05 12:52:09.152",306,308
551,"2020-12-05 12:52:09.160",306,309
552,"2020-12-05 12:52:09.170",307,308
553,"2020-12-05 12:52:09.176",307,309
554,"2020-12-05 12:52:09.188",308,309
555,"2020-12-05 12:52:09.195",310,311
556,"2020-12-05 12:52:09.203",310,312
557,"2020-12-05 12:52:09.211",311,312
558,"2020-12-05 12:52:09.221",313,314
559,"2020-12-05 12:52:09.228",313,315
560,"2020-12-05 12:52:09.236",313,316
561,"2020-12-05 12:52:09.243",314,315
562,"2020-12-05 12:52:09.252",314,316
563,"2020-12-05 12:52:09.260",315,316
564,"2020-12-05 12:52:09.271",317,318
565,"2020-12-05 12:52:09.279",317,319
566,"2020-12-05 12:52:09.287",317,320
567,"2020-12-05 12:52:09.294",317,75
568,"2020-12-05 12:52:09.304",317,321
569,"2020-12-05 12:52:09.310",317,322
570,"2020-12-05 12:52:09.320",317,323
571,"2020-12-05 12:52:09.328",318,319
572,"2020-12-05 12:52:09.337",318,320
573,"2020-12-05 12:52:09.344",318,75
574,"2020-12-05 12:52:09.352",318,321
575,"2020-12-05 12:52:09.359",318,322
576,"2020-12-05 12:52:09.368",318,323
577,"2020-12-05 12:52:09.376",319,320
578,"2020-12-05 12:52:09.385",319,75
579,"2020-12-05 12:52:09.391",319,321
580,"2020-12-05 12:52:09.397",319,322
581,"2020-12-05 12:52:09.406",319,323
582,"2020-12-05 12:52:09.415",320,75
583,"2020-12-05 12:52:09.425",320,321
584,"2020-12-05 12:52:09.433",320,322
585,"2020-12-05 12:52:09.441",320,323
586,"2020-12-05 12:52:09.453",75,321
587,"2020-12-05 12:52:09.461",75,322
588,"2020-12-05 12:52:09.470",75,323
589,"2020-12-05 12:52:09.478",321,322
590,"2020-12-05 12:52:09.486",321,323
591,"2020-12-05 12:52:09.494",322,323
592,"2020-12-05 12:52:09.505",324,325
593,"2020-12-05 12:52:09.513",324,326
594,"2020-12-05 12:52:09.520",324,327
595,"2020-12-05 12:52:09.528",325,326
596,"2020-12-05 12:52:09.536",325,327
597,"2020-12-05 12:52:09.544",326,327
598,"2020-12-05 12:52:09.554",328,329
599,"2020-12-05 12:52:09.562",328,330
600,"2020-12-05 12:52:09.571",329,330
601,"2020-12-05 12:52:09.579",131,331
602,"2020-12-05 12:52:09.587",131,332
603,"2020-12-05 12:52:09.593",131,333
604,"2020-12-05 12:52:09.603",331,332
605,"2020-12-05 12:52:09.609",331,333
606,"2020-12-05 12:52:09.621",332,333
607,"2020-12-05 12:52:09.629",334,335
608,"2020-12-05 12:52:09.636",334,336
609,"2020-12-05 12:52:09.645",335,336
610,"2020-12-05 12:52:09.655",337,338
611,"2020-12-05 12:52:09.663",337,339
612,"2020-12-05 12:52:09.672",338,339
613,"2020-12-05 12:52:09.680",340,341
614,"2020-12-05 12:52:09.692",342,343
615,"2020-12-05 12:52:09.703",342,344
616,"2020-12-05 12:52:09.713",342,345
617,"2020-12-05 12:52:09.720",342,346
618,"2020-12-05 12:52:09.728",342,347
619,"2020-12-05 12:52:09.737",342,348
620,"2020-12-05 12:52:09.746",342,349
621,"2020-12-05 12:52:09.755",342,350
622,"2020-12-05 12:52:09.763",342,351
623,"2020-12-05 12:52:09.773",343,344
624,"2020-12-05 12:52:09.780",343,345
625,"2020-12-05 12:52:09.790",343,346
626,"2020-12-05 12:52:09.799",343,347
627,"2020-12-05 12:52:09.808",343,348
628,"2020-12-05 12:52:09.815",343,349
629,"2020-12-05 12:52:09.825",343,350
630,"2020-12-05 12:52:09.833",343,351
631,"2020-12-05 12:52:09.842",344,345
632,"2020-12-05 12:52:09.852",344,346
633,"2020-12-05 12:52:09.860",344,347
634,"2020-12-05 12:52:09.870",344,348
635,"2020-12-05 12:52:09.877",344,349
636,"2020-12-05 12:52:09.886",344,350
637,"2020-12-05 12:52:09.893",344,351
638,"2020-12-05 12:52:09.903",345,346
639,"2020-12-05 12:52:09.911",345,347
640,"2020-12-05 12:52:09.920",345,348
641,"2020-12-05 12:52:09.928",345,349
642,"2020-12-05 12:52:09.936",345,350
643,"2020-12-05 12:52:09.944",345,351
644,"2020-12-05 12:52:09.954",346,347
645,"2020-12-05 12:52:09.961",346,348
646,"2020-12-05 12:52:09.970",346,349
647,"2020-12-05 12:52:09.978",346,350
648,"2020-12-05 12:52:09.988",346,351
649,"2020-12-05 12:52:09.996",347,348
650,"2020-12-05 12:52:10.005",347,349
651,"2020-12-05 12:52:10.013",347,350
652,"2020-12-05 12:52:10.023",347,351
653,"2020-12-05 12:52:10.035",348,349
654,"2020-12-05 12:52:10.042",348,350
655,"2020-12-05 12:52:10.051",348,351
656,"2020-12-05 12:52:10.059",349,350
657,"2020-12-05 12:52:10.069",349,351
658,"2020-12-05 12:52:10.078",350,351
659,"2020-12-05 12:52:10.087",352,353
660,"2020-12-05 12:52:10.095",352,354
661,"2020-12-05 12:52:10.104",352,355
662,"2020-12-05 12:52:10.112",352,356
663,"2020-12-05 12:52:10.121",353,354
664,"2020-12-05 12:52:10.127",353,355
665,"2020-12-05 12:52:10.136",353,356
666,"2020-12-05 12:52:10.144",354,355
667,"2020-12-05 12:52:10.153",354,356
668,"2020-12-05 12:52:10.161",355,356
669,"2020-12-05 12:52:10.172",357,358
670,"2020-12-05 12:52:10.179",357,359
671,"2020-12-05 12:52:10.187",358,359
672,"2020-12-05 12:52:10.196",360,361
673,"2020-12-05 12:52:10.204",360,362
674,"2020-12-05 12:52:10.211",361,362
675,"2020-12-05 12:52:10.221",363,364
676,"2020-12-05 12:52:10.228",363,365
677,"2020-12-05 12:52:10.237",363,366
678,"2020-12-05 12:52:10.243",363,367
679,"2020-12-05 12:52:10.252",363,361
680,"2020-12-05 12:52:10.259",363,368
681,"2020-12-05 12:52:10.269",364,365
682,"2020-12-05 12:52:10.276",364,366
683,"2020-12-05 12:52:10.286",364,367
684,"2020-12-05 12:52:10.293",364,361
685,"2020-12-05 12:52:10.303",364,368
686,"2020-12-05 12:52:10.311",365,366
687,"2020-12-05 12:52:10.320",365,367
688,"2020-12-05 12:52:10.327",365,361
689,"2020-12-05 12:52:10.337",365,368
690,"2020-12-05 12:52:10.346",366,367
691,"2020-12-05 12:52:10.356",366,361
692,"2020-12-05 12:52:10.364",366,368
693,"2020-12-05 12:52:10.374",367,361
694,"2020-12-05 12:52:10.381",367,368
695,"2020-12-05 12:52:10.392",361,368
696,"2020-12-05 12:52:10.405",369,370
697,"2020-12-05 12:52:10.411",369,371
698,"2020-12-05 12:52:10.420",369,372
699,"2020-12-05 12:52:10.428",370,371
700,"2020-12-05 12:52:10.437",370,372
701,"2020-12-05 12:52:10.445",371,372
702,"2020-12-05 12:52:10.454",373,374
703,"2020-12-05 12:52:10.462",373,375
704,"2020-12-05 12:52:10.471",373,47
705,"2020-12-05 12:52:10.480",374,375
706,"2020-12-05 12:52:10.489",374,47
707,"2020-12-05 12:52:10.495",375,47
708,"2020-12-05 12:52:10.505",376,377
709,"2020-12-05 12:52:10.512",376,378
710,"2020-12-05 12:52:10.520",376,379
711,"2020-12-05 12:52:10.527",376,380
712,"2020-12-05 12:52:10.536",376,381
713,"2020-12-05 12:52:10.544",377,378
714,"2020-12-05 12:52:10.553",377,379
715,"2020-12-05 12:52:10.561",377,380
716,"2020-12-05 12:52:10.570",377,381
717,"2020-12-05 12:52:10.578",378,379
718,"2020-12-05 12:52:10.587",378,380
719,"2020-12-05 12:52:10.595",378,381
720,"2020-12-05 12:52:10.606",379,380
721,"2020-12-05 12:52:10.613",379,381
722,"2020-12-05 12:52:10.623",380,381
723,"2020-12-05 12:52:10.636",382,383
724,"2020-12-05 12:52:10.652",382,384
725,"2020-12-05 12:52:10.659",382,385
726,"2020-12-05 12:52:10.670",383,384
727,"2020-12-05 12:52:10.678",383,385
728,"2020-12-05 12:52:10.688",384,385
729,"2020-12-05 12:52:10.695",386,387
730,"2020-12-05 12:52:10.704",386,388
731,"2020-12-05 12:52:10.713",387,388
732,"2020-12-05 12:52:10.722",389,390
733,"2020-12-05 12:52:10.730",389,391
734,"2020-12-05 12:52:10.738",390,391
735,"2020-12-05 12:52:10.750",392,393
736,"2020-12-05 12:52:10.759",392,394
737,"2020-12-05 12:52:10.769",392,395
738,"2020-12-05 12:52:10.778",393,394
739,"2020-12-05 12:52:10.786",393,395
740,"2020-12-05 12:52:10.795",394,395
741,"2020-12-05 12:52:10.806",396,397
742,"2020-12-05 12:52:10.814",396,398
743,"2020-12-05 12:52:10.824",396,399
744,"2020-12-05 12:52:10.836",397,398
745,"2020-12-05 12:52:10.845",397,399
746,"2020-12-05 12:52:10.855",398,399
747,"2020-12-05 12:52:10.863",400,401
748,"2020-12-05 12:52:10.876",301,402
749,"2020-12-05 12:52:10.888",323,261
750,"2020-12-05 12:52:10.896",323,403
751,"2020-12-05 12:52:10.904",323,404
752,"2020-12-05 12:52:10.912",323,262
753,"2020-12-05 12:52:10.922",261,403
754,"2020-12-05 12:52:10.930",261,404
755,"2020-12-05 12:52:10.937",261,262
756,"2020-12-05 12:52:10.946",403,404
757,"2020-12-05 12:52:10.954",403,262
758,"2020-12-05 12:52:10.963",404,262
759,"2020-12-05 12:52:10.973",405,406
760,"2020-12-05 12:52:10.981",405,407
761,"2020-12-05 12:52:10.992",406,407
762,"2020-12-05 12:52:11.005",408,409
763,"2020-12-05 12:52:11.013",410,411
764,"2020-12-05 12:52:11.021",410,412
765,"2020-12-05 12:52:11.030",410,413
766,"2020-12-05 12:52:11.041",411,412
767,"2020-12-05 12:52:11.049",411,413
768,"2020-12-05 12:52:11.059",412,413
769,"2020-12-05 12:52:11.075",405,406
770,"2020-12-05 12:52:11.085",405,407
771,"2020-12-05 12:52:11.095",406,407
772,"2020-12-05 12:52:11.106",414,415
773,"2020-12-05 12:52:11.114",414,416
774,"2020-12-05 12:52:11.126",415,416
775,"2020-12-05 12:52:11.139",417,418
776,"2020-12-05 12:52:11.147",417,419
777,"2020-12-05 12:52:11.157",417,420
778,"2020-12-05 12:52:11.165",417,421
779,"2020-12-05 12:52:11.176",418,419
780,"2020-12-05 12:52:11.185",418,420
781,"2020-12-05 12:52:11.194",418,421
782,"2020-12-05 12:52:11.204",419,420
783,"2020-12-05 12:52:11.211",419,421
784,"2020-12-05 12:52:11.221",420,421
785,"2020-12-05 12:52:11.229",405,406
786,"2020-12-05 12:52:11.237",405,407
787,"2020-12-05 12:52:11.245",406,407
788,"2020-12-05 12:52:11.256",61,422
789,"2020-12-05 12:52:11.262",61,64
790,"2020-12-05 12:52:11.272",61,61
791,"2020-12-05 12:52:11.279",61,423
792,"2020-12-05 12:52:11.289",422,64
793,"2020-12-05 12:52:11.297",422,61
794,"2020-12-05 12:52:11.305",422,423
795,"2020-12-05 12:52:11.313",64,61
796,"2020-12-05 12:52:11.323",64,423
797,"2020-12-05 12:52:11.331",61,423
798,"2020-12-05 12:52:11.342",424,425
799,"2020-12-05 12:52:11.355",426,427
800,"2020-12-05 12:52:11.362",426,428
801,"2020-12-05 12:52:11.371",426,429
802,"2020-12-05 12:52:11.381",427,428
803,"2020-12-05 12:52:11.390",427,429
804,"2020-12-05 12:52:11.400",428,429
805,"2020-12-05 12:52:11.411",430,431
806,"2020-12-05 12:52:11.420",430,432
807,"2020-12-05 12:52:11.429",431,432
808,"2020-12-05 12:52:11.440",433,434
809,"2020-12-05 12:52:11.447",433,435
810,"2020-12-05 12:52:11.458",433,436
811,"2020-12-05 12:52:11.467",434,435
812,"2020-12-05 12:52:11.476",434,436
813,"2020-12-05 12:52:11.487",435,436
814,"2020-12-05 12:52:11.496",437,438
815,"2020-12-05 12:52:11.505",437,439
816,"2020-12-05 12:52:11.512",437,440
817,"2020-12-05 12:52:11.521",438,439
818,"2020-12-05 12:52:11.529",438,440
819,"2020-12-05 12:52:11.538",439,440
820,"2020-12-05 12:52:11.547",441,442
821,"2020-12-05 12:52:11.558",441,443
822,"2020-12-05 12:52:11.568",442,443
823,"2020-12-05 12:52:11.578",444,445
824,"2020-12-05 12:52:11.587",444,446
825,"2020-12-05 12:52:11.595",444,447
826,"2020-12-05 12:52:11.605",445,446
827,"2020-12-05 12:52:11.613",445,447
828,"2020-12-05 12:52:11.624",446,447
829,"2020-12-05 12:52:11.631",448,449
830,"2020-12-05 12:52:11.641",448,450
831,"2020-12-05 12:52:11.651",449,450
832,"2020-12-05 12:52:11.660",451,452
833,"2020-12-05 12:52:11.670",451,453
834,"2020-12-05 12:52:11.679",451,454
835,"2020-12-05 12:52:11.688",452,453
836,"2020-12-05 12:52:11.696",452,454
837,"2020-12-05 12:52:11.712",453,454
838,"2020-12-05 12:52:11.721",455,456
839,"2020-12-05 12:52:11.729",455,222
840,"2020-12-05 12:52:11.737",455,457
841,"2020-12-05 12:52:11.745",456,222
842,"2020-12-05 12:52:11.754",456,457
843,"2020-12-05 12:52:11.764",222,457
844,"2020-12-05 12:52:11.774",458,459
845,"2020-12-05 12:52:11.782",262,460
846,"2020-12-05 12:52:11.791",262,261
847,"2020-12-05 12:52:11.797",460,261
848,"2020-12-05 12:52:11.809",461,462
849,"2020-12-05 12:52:11.815",461,463
850,"2020-12-05 12:52:11.825",461,464
851,"2020-12-05 12:52:11.835",461,465
852,"2020-12-05 12:52:11.844",462,463
853,"2020-12-05 12:52:11.854",462,464
854,"2020-12-05 12:52:11.861",462,465
855,"2020-12-05 12:52:11.871",463,464
856,"2020-12-05 12:52:11.877",463,465
857,"2020-12-05 12:52:11.888",464,465
858,"2020-12-05 12:52:11.896",466,467
859,"2020-12-05 12:52:11.905",466,468
860,"2020-12-05 12:52:11.913",467,468
861,"2020-12-05 12:52:11.923",469,470
862,"2020-12-05 12:52:11.935",471,470
863,"2020-12-05 12:52:11.945",262,404
864,"2020-12-05 12:52:11.954",262,472
865,"2020-12-05 12:52:11.961",262,261
866,"2020-12-05 12:52:11.971",404,472
867,"2020-12-05 12:52:11.979",404,261
868,"2020-12-05 12:52:11.990",472,261
869,"2020-12-05 12:52:12.004",473,474
870,"2020-12-05 12:52:12.013",473,475
871,"2020-12-05 12:52:12.022",473,476
872,"2020-12-05 12:52:12.032",474,475
873,"2020-12-05 12:52:12.041",474,476
874,"2020-12-05 12:52:12.051",475,476
875,"2020-12-05 12:52:12.061",459,458
876,"2020-12-05 12:52:12.072",459,477
877,"2020-12-05 12:52:12.079",458,477
878,"2020-12-05 12:52:12.091",319,479
879,"2020-12-05 12:52:12.099",319,480
880,"2020-12-05 12:52:12.109",319,481
881,"2020-12-05 12:52:12.118",319,482
882,"2020-12-05 12:52:12.127",319,322
883,"2020-12-05 12:52:12.138",479,480
884,"2020-12-05 12:52:12.144",479,481
885,"2020-12-05 12:52:12.154",479,482
886,"2020-12-05 12:52:12.161",479,322
887,"2020-12-05 12:52:12.171",480,481
888,"2020-12-05 12:52:12.179",480,482
889,"2020-12-05 12:52:12.187",480,322
890,"2020-12-05 12:52:12.195",481,482
891,"2020-12-05 12:52:12.205",481,322
892,"2020-12-05 12:52:12.214",482,322
893,"2020-12-05 12:52:12.223",483,484
894,"2020-12-05 12:52:12.230",483,485
895,"2020-12-05 12:52:12.238",483,486
896,"2020-12-05 12:52:12.245",484,485
897,"2020-12-05 12:52:12.254",484,486
898,"2020-12-05 12:52:12.262",485,486
899,"2020-12-05 12:52:12.273",487,488
900,"2020-12-05 12:52:12.280",487,489
901,"2020-12-05 12:52:12.289",487,490
902,"2020-12-05 12:52:12.297",488,489
903,"2020-12-05 12:52:12.307",488,490
904,"2020-12-05 12:52:12.316",489,490
905,"2020-12-05 12:52:12.326",491,492
906,"2020-12-05 12:52:12.336",491,493
907,"2020-12-05 12:52:12.344",492,493
908,"2020-12-05 12:52:12.356",352,494
909,"2020-12-05 12:52:12.368",495,496
910,"2020-12-05 12:52:12.377",495,497
911,"2020-12-05 12:52:12.387",495,498
912,"2020-12-05 12:52:12.395",496,497
913,"2020-12-05 12:52:12.404",496,498
914,"2020-12-05 12:52:12.412",497,498
915,"2020-12-05 12:52:12.423",218,220
916,"2020-12-05 12:52:12.431",218,500
917,"2020-12-05 12:52:12.439",218,501
918,"2020-12-05 12:52:12.448",220,500
919,"2020-12-05 12:52:12.459",220,501
920,"2020-12-05 12:52:12.470",500,501
921,"2020-12-05 12:52:12.480",503,504
922,"2020-12-05 12:52:12.490",262,460
923,"2020-12-05 12:52:12.497",262,261
924,"2020-12-05 12:52:12.506",460,261
925,"2020-12-05 12:52:12.517",506,507
926,"2020-12-05 12:52:12.527",508,509
927,"2020-12-05 12:52:12.536",508,510
928,"2020-12-05 12:52:12.544",508,511
929,"2020-12-05 12:52:12.555",508,512
930,"2020-12-05 12:52:12.562",509,510
931,"2020-12-05 12:52:12.569",509,511
932,"2020-12-05 12:52:12.577",509,512
933,"2020-12-05 12:52:12.587",510,511
934,"2020-12-05 12:52:12.595",510,512
935,"2020-12-05 12:52:12.605",511,512
936,"2020-12-05 12:52:12.613",513,514
937,"2020-12-05 12:52:12.622",513,515
938,"2020-12-05 12:52:12.630",514,515
939,"2020-12-05 12:52:12.640",516,517
940,"2020-12-05 12:52:12.646",516,92
941,"2020-12-05 12:52:12.656",517,92
942,"2020-12-05 12:52:12.665",519,181
943,"2020-12-05 12:52:12.674",519,520
944,"2020-12-05 12:52:12.681",519,521
945,"2020-12-05 12:52:12.690",519,522
946,"2020-12-05 12:52:12.697",181,520
947,"2020-12-05 12:52:12.705",181,521
948,"2020-12-05 12:52:12.713",181,522
949,"2020-12-05 12:52:12.723",520,521
950,"2020-12-05 12:52:12.729",520,522
951,"2020-12-05 12:52:12.739",521,522
952,"2020-12-05 12:52:12.747",523,524
953,"2020-12-05 12:52:12.757",523,525
954,"2020-12-05 12:52:12.767",524,525
955,"2020-12-05 12:52:12.778",405,407
956,"2020-12-05 12:52:12.788",405,406
957,"2020-12-05 12:52:12.797",407,406
958,"2020-12-05 12:52:12.807",526,527
959,"2020-12-05 12:52:12.814",526,528
960,"2020-12-05 12:52:12.824",527,528
961,"2020-12-05 12:52:12.835",470,529
962,"2020-12-05 12:52:12.847",472,261
963,"2020-12-05 12:52:12.856",224,531
964,"2020-12-05 12:52:12.864",224,532
965,"2020-12-05 12:52:12.873",224,533
966,"2020-12-05 12:52:12.882",531,532
967,"2020-12-05 12:52:12.890",531,533
968,"2020-12-05 12:52:12.898",532,533
969,"2020-12-05 12:52:12.909",32,5
970,"2020-12-05 12:52:12.920",534,535
971,"2020-12-05 12:52:12.928",534,536
972,"2020-12-05 12:52:12.936",535,536
973,"2020-12-05 12:52:12.945",537,538
974,"2020-12-05 12:52:12.955",537,539
975,"2020-12-05 12:52:12.963",537,540
976,"2020-12-05 12:52:12.972",537,541
977,"2020-12-05 12:52:12.980",538,539
978,"2020-12-05 12:52:12.988",538,540
979,"2020-12-05 12:52:12.996",538,541
980,"2020-12-05 12:52:13.006",539,540
981,"2020-12-05 12:52:13.012",539,541
982,"2020-12-05 12:52:13.023",540,541
983,"2020-12-05 12:52:13.031",542,543
984,"2020-12-05 12:52:13.041",542,544
985,"2020-12-05 12:52:13.050",543,544
986,"2020-12-05 12:52:13.060",102,545
987,"2020-12-05 12:52:13.070",102,546
988,"2020-12-05 12:52:13.078",102,547
989,"2020-12-05 12:52:13.090",545,546
990,"2020-12-05 12:52:13.096",545,547
991,"2020-12-05 12:52:13.105",546,547
992,"2020-12-05 12:52:13.114",548,549
993,"2020-12-05 12:52:13.125",466,550
994,"2020-12-05 12:52:13.132",466,467
995,"2020-12-05 12:52:13.142",466,468
996,"2020-12-05 12:52:13.153",550,467
997,"2020-12-05 12:52:13.162",550,468
998,"2020-12-05 12:52:13.172",467,468
999,"2020-12-05 12:52:13.180",289,551
1000,"2020-12-05 12:52:13.189",289,552
1001,"2020-12-05 12:52:13.196",289,553
1002,"2020-12-05 12:52:13.205",551,552
1003,"2020-12-05 12:52:13.212",551,553
1004,"2020-12-05 12:52:13.221",552,553
1005,"2020-12-05 12:52:13.230",554,555
1006,"2020-12-05 12:52:13.243",556,72
1007,"2020-12-05 12:52:13.250",556,557
1008,"2020-12-05 12:52:13.262",556,558
1009,"2020-12-05 12:52:13.272",72,557
1010,"2020-12-05 12:52:13.280",72,558
1011,"2020-12-05 12:52:13.290",557,558
1012,"2020-12-05 12:52:13.298",559,560
1013,"2020-12-05 12:52:13.309",559,561
1014,"2020-12-05 12:52:13.321",560,561
1015,"2020-12-05 12:52:13.332",509,508
1016,"2020-12-05 12:52:13.341",509,563
1017,"2020-12-05 12:52:13.347",509,317
1018,"2020-12-05 12:52:13.357",508,563
1019,"2020-12-05 12:52:13.365",508,317
1020,"2020-12-05 12:52:13.376",563,317
1021,"2020-12-05 12:52:13.388",564,565
1022,"2020-12-05 12:52:13.394",564,566
1023,"2020-12-05 12:52:13.404",564,567
1024,"2020-12-05 12:52:13.414",565,566
1025,"2020-12-05 12:52:13.421",565,567
1026,"2020-12-05 12:52:13.429",566,567
1027,"2020-12-05 12:52:13.439",568,569
1028,"2020-12-05 12:52:13.448",568,368
1029,"2020-12-05 12:52:13.458",569,368
1030,"2020-12-05 12:52:13.465",570,571
1031,"2020-12-05 12:52:13.476",570,572
1032,"2020-12-05 12:52:13.488",571,572
1033,"2020-12-05 12:52:13.497",573,574
1034,"2020-12-05 12:52:13.507",575,576
1035,"2020-12-05 12:52:13.515",575,577
1036,"2020-12-05 12:52:13.526",575,257
1037,"2020-12-05 12:52:13.538",575,578
1038,"2020-12-05 12:52:13.549",576,577
1039,"2020-12-05 12:52:13.560",576,257
1040,"2020-12-05 12:52:13.571",576,578
1041,"2020-12-05 12:52:13.580",577,257
1042,"2020-12-05 12:52:13.588",577,578
1043,"2020-12-05 12:52:13.597",257,578
1044,"2020-12-05 12:52:13.610",580,581
1045,"2020-12-05 12:52:13.620",580,582
1046,"2020-12-05 12:52:13.628",580,241
1047,"2020-12-05 12:52:13.638",581,582
1048,"2020-12-05 12:52:13.646",581,241
1049,"2020-12-05 12:52:13.656",582,241
1050,"2020-12-05 12:52:13.664",583,584
1051,"2020-12-05 12:52:13.675",583,585
1052,"2020-12-05 12:52:13.685",583,586
1053,"2020-12-05 12:52:13.697",584,585
1054,"2020-12-05 12:52:13.706",584,586
1055,"2020-12-05 12:52:13.716",585,586
1056,"2020-12-05 12:52:13.731",587,588
1057,"2020-12-05 12:52:13.742",587,589
1058,"2020-12-05 12:52:13.751",587,590
1059,"2020-12-05 12:52:13.761",588,589
1060,"2020-12-05 12:52:13.770",588,590
1061,"2020-12-05 12:52:13.778",589,590
1062,"2020-12-05 12:52:13.789",591,592
1063,"2020-12-05 12:52:13.797",591,593
1064,"2020-12-05 12:52:13.807",591,594
1065,"2020-12-05 12:52:13.820",592,593
1066,"2020-12-05 12:52:13.827",592,594
1067,"2020-12-05 12:52:13.838",593,594
1068,"2020-12-05 12:52:13.848",595,596
1069,"2020-12-05 12:52:13.856",595,597
1070,"2020-12-05 12:52:13.862",595,598
1071,"2020-12-05 12:52:13.870",595,599
1072,"2020-12-05 12:52:13.876",595,600
1073,"2020-12-05 12:52:13.883",596,597
1074,"2020-12-05 12:52:13.896",596,598
1075,"2020-12-05 12:52:13.914",596,599
1076,"2020-12-05 12:52:13.931",596,600
1077,"2020-12-05 12:52:13.948",597,598
1078,"2020-12-05 12:52:13.965",597,599
1079,"2020-12-05 12:52:13.980",597,600
1080,"2020-12-05 12:52:13.996",598,599
1081,"2020-12-05 12:52:14.011",598,600
1082,"2020-12-05 12:52:14.027",599,600
1083,"2020-12-05 12:52:14.038",601,602
1084,"2020-12-05 12:52:14.047",603,604
1085,"2020-12-05 12:52:14.056",32,605
1086,"2020-12-05 12:52:14.065",606,607
1087,"2020-12-05 12:52:14.072",606,608
1088,"2020-12-05 12:52:14.079",606,609
1089,"2020-12-05 12:52:14.088",606,610
1090,"2020-12-05 12:52:14.095",607,608
1091,"2020-12-05 12:52:14.104",607,609
1092,"2020-12-05 12:52:14.110",607,610
1093,"2020-12-05 12:52:14.120",608,609
1094,"2020-12-05 12:52:14.128",608,610
1095,"2020-12-05 12:52:14.139",609,610
1096,"2020-12-05 12:52:14.147",98,494
1097,"2020-12-05 12:52:14.154",98,611
1098,"2020-12-05 12:52:14.161",98,612
1099,"2020-12-05 12:52:14.173",98,613
1100,"2020-12-05 12:52:14.186",494,611
1101,"2020-12-05 12:52:14.193",494,612
1102,"2020-12-05 12:52:14.203",494,613
1103,"2020-12-05 12:52:14.211",611,612
1104,"2020-12-05 12:52:14.221",611,613
1105,"2020-12-05 12:52:14.228",612,613
1106,"2020-12-05 12:52:14.241",614,615
1107,"2020-12-05 12:52:14.248",614,616
1108,"2020-12-05 12:52:14.258",614,617
1109,"2020-12-05 12:52:14.266",615,616
1110,"2020-12-05 12:52:14.275",615,617
1111,"2020-12-05 12:52:14.282",616,617
1112,"2020-12-05 12:52:14.294",618,619
1113,"2020-12-05 12:52:14.303",618,620
1114,"2020-12-05 12:52:14.311",618,621
1115,"2020-12-05 12:52:14.319",618,622
1116,"2020-12-05 12:52:14.327",618,623
1117,"2020-12-05 12:52:14.337",619,620
1118,"2020-12-05 12:52:14.344",619,621
1119,"2020-12-05 12:52:14.353",619,622
1120,"2020-12-05 12:52:14.359",619,623
1121,"2020-12-05 12:52:14.371",620,621
1122,"2020-12-05 12:52:14.380",620,622
1123,"2020-12-05 12:52:14.392",620,623
1124,"2020-12-05 12:52:14.405",621,622
1125,"2020-12-05 12:52:14.413",621,623
1126,"2020-12-05 12:52:14.423",622,623
1127,"2020-12-05 12:52:14.432",624,625
1128,"2020-12-05 12:52:14.442",626,98
1129,"2020-12-05 12:52:14.449",626,627
1130,"2020-12-05 12:52:14.460",98,627
1131,"2020-12-05 12:52:14.472",628,629
1132,"2020-12-05 12:52:14.481",628,630
1133,"2020-12-05 12:52:14.495",629,630
1134,"2020-12-05 12:52:14.506",631,632
1135,"2020-12-05 12:52:14.513",631,633
1136,"2020-12-05 12:52:14.522",632,633
1137,"2020-12-05 12:52:14.530",4,634
1138,"2020-12-05 12:52:14.539",4,635
1139,"2020-12-05 12:52:14.546",634,635
1140,"2020-12-05 12:52:14.558",588,587
1141,"2020-12-05 12:52:14.571",636,637
1142,"2020-12-05 12:52:14.579",638,639
1143,"2020-12-05 12:52:14.590",640,641
1144,"2020-12-05 12:52:14.605",642,643
1145,"2020-12-05 12:52:14.615",642,570
1146,"2020-12-05 12:52:14.626",642,644
1147,"2020-12-05 12:52:14.635",642,645
1148,"2020-12-05 12:52:14.645",643,570
1149,"2020-12-05 12:52:14.655",643,644
1150,"2020-12-05 12:52:14.663",643,645
1151,"2020-12-05 12:52:14.674",570,644
1152,"2020-12-05 12:52:14.680",570,645
1153,"2020-12-05 12:52:14.690",644,645
1154,"2020-12-05 12:52:14.699",646,647
1155,"2020-12-05 12:52:14.712",646,648
1156,"2020-12-05 12:52:14.722",646,257
1157,"2020-12-05 12:52:14.730",646,649
1158,"2020-12-05 12:52:14.740",646,650
1159,"2020-12-05 12:52:14.749",647,648
1160,"2020-12-05 12:52:14.759",647,257
1161,"2020-12-05 12:52:14.768",647,649
1162,"2020-12-05 12:52:14.778",647,650
1163,"2020-12-05 12:52:14.791",648,257
1164,"2020-12-05 12:52:14.800",648,649
1165,"2020-12-05 12:52:14.812",648,650
1166,"2020-12-05 12:52:14.823",257,649
1167,"2020-12-05 12:52:14.830",257,650
1168,"2020-12-05 12:52:14.840",649,650
1169,"2020-12-05 12:52:14.856",651,652
1170,"2020-12-05 12:52:14.865",651,653
1171,"2020-12-05 12:52:14.878",652,653
1172,"2020-12-05 12:52:14.890",570,654
1173,"2020-12-05 12:52:14.898",570,655
1174,"2020-12-05 12:52:14.909",654,655
1175,"2020-12-05 12:52:14.921",564,656
1176,"2020-12-05 12:52:14.931",657,658
1177,"2020-12-05 12:52:14.941",657,659
1178,"2020-12-05 12:52:14.949",658,659
1179,"2020-12-05 12:52:14.961",334,336
1180,"2020-12-05 12:52:14.969",334,660
1181,"2020-12-05 12:52:14.978",334,661
1182,"2020-12-05 12:52:14.988",336,660
1183,"2020-12-05 12:52:14.998",336,661
1184,"2020-12-05 12:52:15.009",660,661
1185,"2020-12-05 12:52:15.023",662,663
1186,"2020-12-05 12:52:15.030",662,664
1187,"2020-12-05 12:52:15.039",662,665
1188,"2020-12-05 12:52:15.046",662,666
1189,"2020-12-05 12:52:15.056",662,667
1190,"2020-12-05 12:52:15.064",662,668
1191,"2020-12-05 12:52:15.073",662,669
1192,"2020-12-05 12:52:15.080",662,670
1193,"2020-12-05 12:52:15.088",662,671
1194,"2020-12-05 12:52:15.096",663,664
1195,"2020-12-05 12:52:15.106",663,665
1196,"2020-12-05 12:52:15.114",663,666
1197,"2020-12-05 12:52:15.124",663,667
1198,"2020-12-05 12:52:15.131",663,668
1199,"2020-12-05 12:52:15.141",663,669
1200,"2020-12-05 12:52:15.148",663,670
1201,"2020-12-05 12:52:15.159",663,671
1202,"2020-12-05 12:52:15.166",664,665
1203,"2020-12-05 12:52:15.178",664,666
1204,"2020-12-05 12:52:15.188",664,667
1205,"2020-12-05 12:52:15.199",664,668
1206,"2020-12-05 12:52:15.209",664,669
1207,"2020-12-05 12:52:15.217",664,670
1208,"2020-12-05 12:52:15.227",664,671
1209,"2020-12-05 12:52:15.239",665,666
1210,"2020-12-05 12:52:15.247",665,667
1211,"2020-12-05 12:52:15.255",665,668
1212,"2020-12-05 12:52:15.262",665,669
1213,"2020-12-05 12:52:15.272",665,670
1214,"2020-12-05 12:52:15.279",665,671
1215,"2020-12-05 12:52:15.289",666,667
1216,"2020-12-05 12:52:15.296",666,668
1217,"2020-12-05 12:52:15.305",666,669
1218,"2020-12-05 12:52:15.313",666,670
1219,"2020-12-05 12:52:15.322",666,671
1220,"2020-12-05 12:52:15.330",667,668
1221,"2020-12-05 12:52:15.339",667,669
1222,"2020-12-05 12:52:15.346",667,670
1223,"2020-12-05 12:52:15.356",667,671
1224,"2020-12-05 12:52:15.364",668,669
1225,"2020-12-05 12:52:15.373",668,670
1226,"2020-12-05 12:52:15.380",668,671
1227,"2020-12-05 12:52:15.389",669,670
1228,"2020-12-05 12:52:15.396",669,671
1229,"2020-12-05 12:52:15.406",670,671
1230,"2020-12-05 12:52:15.415",672,673
1231,"2020-12-05 12:52:15.427",672,674
1232,"2020-12-05 12:52:15.437",672,675
1233,"2020-12-05 12:52:15.445",672,676
1234,"2020-12-05 12:52:15.455",673,674
1235,"2020-12-05 12:52:15.464",673,675
1236,"2020-12-05 12:52:15.472",673,676
1237,"2020-12-05 12:52:15.480",674,675
1238,"2020-12-05 12:52:15.489",674,676
1239,"2020-12-05 12:52:15.496",675,676
1240,"2020-12-05 12:52:15.507",677,678
1241,"2020-12-05 12:52:15.515",677,679
1242,"2020-12-05 12:52:15.526",677,680
1243,"2020-12-05 12:52:15.536",678,679
1244,"2020-12-05 12:52:15.545",678,680
1245,"2020-12-05 12:52:15.557",679,680
1246,"2020-12-05 12:52:15.570",681,649
1247,"2020-12-05 12:52:15.577",681,682
1248,"2020-12-05 12:52:15.589",649,682
1249,"2020-12-05 12:52:15.599",683,684
1250,"2020-12-05 12:52:15.612",683,685
1251,"2020-12-05 12:52:15.623",684,685
1252,"2020-12-05 12:52:15.632",686,687
1253,"2020-12-05 12:52:15.644",688,689
1254,"2020-12-05 12:52:15.655",688,690
1255,"2020-12-05 12:52:15.663",688,691
1256,"2020-12-05 12:52:15.674",689,690
1257,"2020-12-05 12:52:15.682",689,691
1258,"2020-12-05 12:52:15.694",690,691
1259,"2020-12-05 12:52:15.707",692,693
1260,"2020-12-05 12:52:15.715",692,694
1261,"2020-12-05 12:52:15.726",692,695
1262,"2020-12-05 12:52:15.738",693,694
1263,"2020-12-05 12:52:15.747",693,695
1264,"2020-12-05 12:52:15.758",694,695
1265,"2020-12-05 12:52:15.771",50,696
1266,"2020-12-05 12:52:15.780",50,579
1267,"2020-12-05 12:52:15.790",696,579
1268,"2020-12-05 12:52:15.807",674,673
1269,"2020-12-05 12:52:15.817",697,698
1270,"2020-12-05 12:52:15.830",697,699
1271,"2020-12-05 12:52:15.841",697,700
1272,"2020-12-05 12:52:15.851",698,699
1273,"2020-12-05 12:52:15.862",698,700
1274,"2020-12-05 12:52:15.874",699,700
1275,"2020-12-05 12:52:15.889",701,702
1276,"2020-12-05 12:52:15.897",701,701
1277,"2020-12-05 12:52:15.909",702,701
1278,"2020-12-05 12:52:15.925",703,704
1279,"2020-12-05 12:52:15.937",703,705
1280,"2020-12-05 12:52:15.947",704,705
1281,"2020-12-05 12:52:15.962",434,706
1282,"2020-12-05 12:52:15.976",707,708
1283,"2020-12-05 12:52:15.991",709,353
1284,"2020-12-05 12:52:16.002",709,144
1285,"2020-12-05 12:52:16.013",709,710
1286,"2020-12-05 12:52:16.024",353,144
1287,"2020-12-05 12:52:16.033",353,710
1288,"2020-12-05 12:52:16.046",144,710
1289,"2020-12-05 12:52:16.061",712,713
1290,"2020-12-05 12:52:16.073",712,714
1291,"2020-12-05 12:52:16.083",713,714
1292,"2020-12-05 12:52:16.100",715,716
1293,"2020-12-05 12:52:16.112",717,718
1294,"2020-12-05 12:52:16.124",719,720
1295,"2020-12-05 12:52:16.132",719,721
1296,"2020-12-05 12:52:16.142",719,722
1297,"2020-12-05 12:52:16.149",719,723
1298,"2020-12-05 12:52:16.160",719,174
1299,"2020-12-05 12:52:16.172",720,721
1300,"2020-12-05 12:52:16.180",720,722
1301,"2020-12-05 12:52:16.189",720,723
1302,"2020-12-05 12:52:16.196",720,174
1303,"2020-12-05 12:52:16.206",721,722
1304,"2020-12-05 12:52:16.214",721,723
1305,"2020-12-05 12:52:16.223",721,174
1306,"2020-12-05 12:52:16.230",722,723
1307,"2020-12-05 12:52:16.241",722,174
1308,"2020-12-05 12:52:16.250",723,174
1309,"2020-12-05 12:52:16.265",725,726
1310,"2020-12-05 12:52:16.276",725,727
1311,"2020-12-05 12:52:16.285",726,727
1312,"2020-12-05 12:52:16.297",512,728
1313,"2020-12-05 12:52:16.306",512,729
1314,"2020-12-05 12:52:16.313",512,730
1315,"2020-12-05 12:52:16.323",728,729
1316,"2020-12-05 12:52:16.331",728,730
1317,"2020-12-05 12:52:16.341",729,730
1318,"2020-12-05 12:52:16.349",731,732
1319,"2020-12-05 12:52:16.359",731,733
1320,"2020-12-05 12:52:16.366",731,369
1321,"2020-12-05 12:52:16.375",731,160
1322,"2020-12-05 12:52:16.389",732,733
1323,"2020-12-05 12:52:16.395",732,369
1324,"2020-12-05 12:52:16.405",732,160
1325,"2020-12-05 12:52:16.413",733,369
1326,"2020-12-05 12:52:16.422",733,160
1327,"2020-12-05 12:52:16.431",369,160
1328,"2020-12-05 12:52:16.443",734,735
1329,"2020-12-05 12:52:16.451",734,736
1330,"2020-12-05 12:52:16.462",735,736
1331,"2020-12-05 12:52:16.473",737,738
1332,"2020-12-05 12:52:16.480",737,739
1333,"2020-12-05 12:52:16.491",738,739
1334,"2020-12-05 12:52:16.501",740,625
1335,"2020-12-05 12:52:16.510",740,741
1336,"2020-12-05 12:52:16.521",740,742
1337,"2020-12-05 12:52:16.530",625,741
1338,"2020-12-05 12:52:16.539",625,742
1339,"2020-12-05 12:52:16.547",741,742
1340,"2020-12-05 12:52:16.558",710,353
1341,"2020-12-05 12:52:16.567",710,743
1342,"2020-12-05 12:52:16.579",353,743
1343,"2020-12-05 12:52:16.589",744,319
1344,"2020-12-05 12:52:16.597",744,745
1345,"2020-12-05 12:52:16.606",744,746
1346,"2020-12-05 12:52:16.614",319,745
1347,"2020-12-05 12:52:16.623",319,746
1348,"2020-12-05 12:52:16.630",745,746
1349,"2020-12-05 12:52:16.641",747,748
1350,"2020-12-05 12:52:16.648",747,749
1351,"2020-12-05 12:52:16.658",747,750
1352,"2020-12-05 12:52:16.666",748,749
1353,"2020-12-05 12:52:16.675",748,750
1354,"2020-12-05 12:52:16.683",749,750
1355,"2020-12-05 12:52:16.698",434,751
1356,"2020-12-05 12:52:16.709",434,752
1357,"2020-12-05 12:52:16.716",751,752
1358,"2020-12-05 12:52:16.728",618,649
1359,"2020-12-05 12:52:16.738",618,753
1360,"2020-12-05 12:52:16.748",649,753
1361,"2020-12-05 12:52:16.760",709,353
1362,"2020-12-05 12:52:16.768",709,710
1363,"2020-12-05 12:52:16.781",353,710
1364,"2020-12-05 12:52:16.793",754,755
1365,"2020-12-05 12:52:16.806",756,754
1366,"2020-12-05 12:52:16.815",756,755
1367,"2020-12-05 12:52:16.825",754,755
1368,"2020-12-05 12:52:16.837",758,390
1369,"2020-12-05 12:52:16.846",758,323
1370,"2020-12-05 12:52:16.856",758,759
1371,"2020-12-05 12:52:16.865",390,323
1372,"2020-12-05 12:52:16.874",390,759
1373,"2020-12-05 12:52:16.883",323,759
1374,"2020-12-05 12:52:16.895",760,761
1375,"2020-12-05 12:52:16.908",434,706
1376,"2020-12-05 12:52:16.916",678,611
1377,"2020-12-05 12:52:16.926",678,680
1378,"2020-12-05 12:52:16.933",678,679
1379,"2020-12-05 12:52:16.943",678,677
1380,"2020-12-05 12:52:16.952",611,680
1381,"2020-12-05 12:52:16.960",611,679
1382,"2020-12-05 12:52:16.972",611,677
1383,"2020-12-05 12:52:16.983",680,679
1384,"2020-12-05 12:52:16.993",680,677
1385,"2020-12-05 12:52:17.003",679,677
1386,"2020-12-05 12:52:17.013",610,762
1387,"2020-12-05 12:52:17.023",610,763
1388,"2020-12-05 12:52:17.031",610,759
1389,"2020-12-05 12:52:17.041",762,763
1390,"2020-12-05 12:52:17.050",762,759
1391,"2020-12-05 12:52:17.064",763,759
1392,"2020-12-05 12:52:17.076",732,764
1393,"2020-12-05 12:52:17.083",732,765
1394,"2020-12-05 12:52:17.093",732,369
1395,"2020-12-05 12:52:17.104",764,765
1396,"2020-12-05 12:52:17.112",764,369
1397,"2020-12-05 12:52:17.123",765,369
1398,"2020-12-05 12:52:17.134",766,767
1399,"2020-12-05 12:52:17.146",766,768
1400,"2020-12-05 12:52:17.156",766,353
1401,"2020-12-05 12:52:17.164",767,768
1402,"2020-12-05 12:52:17.176",767,353
1403,"2020-12-05 12:52:17.189",768,353
1404,"2020-12-05 12:52:17.199",769,770
1405,"2020-12-05 12:52:17.208",771,168
1406,"2020-12-05 12:52:17.217",771,772
1407,"2020-12-05 12:52:17.229",168,772
1408,"2020-12-05 12:52:17.240",470,718
1409,"2020-12-05 12:52:17.249",470,773
1410,"2020-12-05 12:52:17.261",470,774
1411,"2020-12-05 12:52:17.273",718,773
1412,"2020-12-05 12:52:17.281",718,774
1413,"2020-12-05 12:52:17.292",773,774
1414,"2020-12-05 12:52:17.301",775,680
1415,"2020-12-05 12:52:17.312",775,588
1416,"2020-12-05 12:52:17.322",775,776
1417,"2020-12-05 12:52:17.331",680,588
1418,"2020-12-05 12:52:17.340",680,776
1419,"2020-12-05 12:52:17.349",588,776
1420,"2020-12-05 12:52:17.361",777,778
1421,"2020-12-05 12:52:17.373",646,779
1422,"2020-12-05 12:52:17.383",646,512
1423,"2020-12-05 12:52:17.393",646,780
1424,"2020-12-05 12:52:17.403",779,512
1425,"2020-12-05 12:52:17.413",779,780
1426,"2020-12-05 12:52:17.423",512,780
1427,"2020-12-05 12:52:17.434",777,778
1428,"2020-12-05 12:52:17.444",777,781
1429,"2020-12-05 12:52:17.457",778,781
1430,"2020-12-05 12:52:17.467",712,713
1431,"2020-12-05 12:52:17.479",712,782
1432,"2020-12-05 12:52:17.489",712,263
1433,"2020-12-05 12:52:17.496",712,783
1434,"2020-12-05 12:52:17.507",713,782
1435,"2020-12-05 12:52:17.516",713,263
1436,"2020-12-05 12:52:17.527",713,783
1437,"2020-12-05 12:52:17.537",782,263
1438,"2020-12-05 12:52:17.545",782,783
1439,"2020-12-05 12:52:17.556",263,783
1440,"2020-12-05 12:52:17.565",784,785
1441,"2020-12-05 12:52:17.574",784,786
1442,"2020-12-05 12:52:17.583",784,652
1443,"2020-12-05 12:52:17.594",785,786
1444,"2020-12-05 12:52:17.605",785,652
1445,"2020-12-05 12:52:17.613",786,652
1446,"2020-12-05 12:52:17.624",787,788
1447,"2020-12-05 12:52:17.634",789,790
1448,"2020-12-05 12:52:17.643",789,791
1449,"2020-12-05 12:52:17.653",790,791
1450,"2020-12-05 12:52:17.663",792,793
1451,"2020-12-05 12:52:17.676",710,353
1452,"2020-12-05 12:52:17.689",710,743
1453,"2020-12-05 12:52:17.701",353,743
1454,"2020-12-05 12:52:17.715",434,752
1455,"2020-12-05 12:52:17.728",434,794
1456,"2020-12-05 12:52:17.738",434,706
1457,"2020-12-05 12:52:17.750",752,794
1458,"2020-12-05 12:52:17.761",752,706
1459,"2020-12-05 12:52:17.771",794,706
1460,"2020-12-05 12:52:17.783",758,390
1461,"2020-12-05 12:52:17.794",758,323
1462,"2020-12-05 12:52:17.807",390,323
1463,"2020-12-05 12:52:17.816",795,796
1464,"2020-12-05 12:52:17.828",795,797
1465,"2020-12-05 12:52:17.840",796,797
1466,"2020-12-05 12:52:17.850",798,799
1467,"2020-12-05 12:52:17.861",798,800
1468,"2020-12-05 12:52:17.873",798,801
1469,"2020-12-05 12:52:17.889",799,800
1470,"2020-12-05 12:52:17.899",799,801
1471,"2020-12-05 12:52:17.913",800,801
1472,"2020-12-05 12:52:17.927",803,804
1473,"2020-12-05 12:52:17.940",806,807
1474,"2020-12-05 12:52:17.951",808,809
1475,"2020-12-05 12:52:17.963",808,810
1476,"2020-12-05 12:52:17.973",809,810
1477,"2020-12-05 12:52:17.987",812,813
1478,"2020-12-05 12:52:17.999",812,814
1479,"2020-12-05 12:52:18.014",813,814
1480,"2020-12-05 12:52:18.031",242,816
1481,"2020-12-05 12:52:18.041",242,512
1482,"2020-12-05 12:52:18.054",816,512
1483,"2020-12-05 12:52:18.070",808,809
1484,"2020-12-05 12:52:18.090",818,437
1485,"2020-12-05 12:52:18.101",818,819
1486,"2020-12-05 12:52:18.115",437,819
1487,"2020-12-05 12:52:18.132",820,821
1488,"2020-12-05 12:52:18.158",822,823
1489,"2020-12-05 12:52:18.175",822,824
1490,"2020-12-05 12:52:18.187",822,825
1491,"2020-12-05 12:52:18.208",822,826
1492,"2020-12-05 12:52:18.223",823,824
1493,"2020-12-05 12:52:18.241",823,825
1494,"2020-12-05 12:52:18.255",823,826
1495,"2020-12-05 12:52:18.272",824,825
1496,"2020-12-05 12:52:18.286",824,826
1497,"2020-12-05 12:52:18.304",825,826
1498,"2020-12-05 12:52:18.323",827,828
1499,"2020-12-05 12:52:18.340",827,829
1500,"2020-12-05 12:52:18.358",828,829
1501,"2020-12-05 12:52:18.377",830,831
1502,"2020-12-05 12:52:18.390",830,832
1503,"2020-12-05 12:52:18.400",830,833
1504,"2020-12-05 12:52:18.413",831,832
1505,"2020-12-05 12:52:18.423",831,833
1506,"2020-12-05 12:52:18.438",832,833
